target,feature,importance
traffic_flow_vph,hour_cos,0.40174976
traffic_flow_vph,traffic_flow_vph_lag1,0.27223995
traffic_flow_vph,mean_speed_kmh_lag1,0.10214513
traffic_flow_vph,hour,0.067625195
traffic_flow_vph,is_weekend,0.05700851
traffic_flow_vph,hour_sin,0.044531234
traffic_flow_vph,dow,0.026917676
traffic_flow_vph,mixing_height_m,0.008728439
traffic_flow_vph,temp_c,0.006378958
traffic_flow_vph,dow_sin,0.006232564
traffic_flow_vph,dow_cos,0.0016198304
traffic_flow_vph,wind_dir_deg,0.0013705952
traffic_flow_vph,humidity_pct,0.0013462215
traffic_flow_vph,wind_speed_ms,0.0012565651
traffic_flow_vph,month,0.00084940356
pm25_ugm3,wind_speed_ms,0.28628156
pm25_ugm3,traffic_flow_vph,0.2834772
pm25_ugm3,mixing_height_m,0.12648502
pm25_ugm3,hour_sin,0.095242456
pm25_ugm3,hour_cos,0.032344103
pm25_ugm3,temp_c,0.02479402
pm25_ugm3,hdv_fraction,0.020576054
pm25_ugm3,wind_dir_deg,0.019227354
pm25_ugm3,dow,0.016849766
pm25_ugm3,pm25_ugm3_lag1,0.016715959
pm25_ugm3,hour,0.015666995
pm25_ugm3,is_weekend,0.015099836
pm25_ugm3,no2_ugm3_lag1,0.013473781
pm25_ugm3,dow_cos,0.009549953
pm25_ugm3,humidity_pct,0.009398881
pm25_ugm3,dow_sin,0.008655739
pm25_ugm3,month,0.006161346
no2_ugm3,wind_speed_ms,0.33645022
no2_ugm3,traffic_flow_vph,0.29707628
no2_ugm3,hour_sin,0.109210126
no2_ugm3,mixing_height_m,0.09480653
no2_ugm3,hour_cos,0.030524151
no2_ugm3,hdv_fraction,0.021104602
no2_ugm3,temp_c,0.019558728
no2_ugm3,hour,0.0138310185
no2_ugm3,wind_dir_deg,0.013745803
no2_ugm3,pm25_ugm3_lag1,0.012432881
no2_ugm3,dow_sin,0.011697252
no2_ugm3,no2_ugm3_lag1,0.011046823
no2_ugm3,month,0.010176166
no2_ugm3,dow,0.006988228
no2_ugm3,dow_cos,0.0052376706
no2_ugm3,humidity_pct,0.0045382814
no2_ugm3,is_weekend,0.0015751873
