episode,epsilon,mean_delay
0,0.6,0.3056222275367223
1,0.5887755102040816,0.29043830592265596
2,0.5775510204081632,0.2443780534318514
3,0.5663265306122449,0.33635830779746984
4,0.5551020408163265,0.3245757449869604
5,0.5438775510204081,0.19696601536648883
6,0.5326530612244897,0.25570993169851164
7,0.5214285714285714,0.33210354101712175
8,0.5102040816326531,0.3054098062432539
9,0.4989795918367347,0.2830717005442482
10,0.4877551020408163,0.20110241612939672
11,0.47653061224489796,0.25128208701852806
12,0.46530612244897956,0.22770447816499345
13,0.45408163265306123,0.24175061461230143
14,0.44285714285714284,0.1946852883568208
15,0.4316326530612245,0.33155771639303544
16,0.4204081632653061,0.14257160254243123
17,0.4091836734693878,0.5103333047474453
18,0.3979591836734694,0.4143468447093314
19,0.386734693877551,0.3323352316666506
20,0.37551020408163266,0.32631862742697665
21,0.3642857142857143,0.33190098014610864
22,0.35306122448979593,0.18811042794325808
23,0.34183673469387754,0.24753066777604585
24,0.33061224489795915,0.2417615851542111
25,0.3193877551020408,0.1679279849795399
26,0.3081632653061224,0.29911434426178357
27,0.2969387755102041,0.28421452830373795
28,0.2857142857142857,0.23956062742127943
29,0.27448979591836736,0.24808481133985577
30,0.263265306122449,0.2652846322178565
31,0.25204081632653064,0.24191085507997565
32,0.24081632653061225,0.3588367536546488
33,0.2295918367346939,0.2823176792164585
34,0.21836734693877552,0.1956835374202581
35,0.20714285714285718,0.23262182461059996
36,0.1959183673469388,0.1966845736887626
37,0.1846938775510204,0.3119967889733125
38,0.17346938775510207,0.23143910407829374
39,0.16224489795918373,0.1911868552151273
40,0.15102040816326534,0.18535571000238413
41,0.13979591836734695,0.24187620347096697
42,0.12857142857142861,0.22211507688607152
43,0.11734693877551022,0.22886342607214175
44,0.10612244897959189,0.17926197828860085
45,0.0948979591836735,0.19160354790887707
46,0.0836734693877551,0.19093042871946614
47,0.07244897959183672,0.19936680259385164
48,0.061224489795918324,0.24151290570476244
49,0.050000000000000044,0.18134679654570202
