timestamp,traffic_flow_vph_true,traffic_flow_vph_rf,traffic_flow_vph_xgb,pm25_ugm3_true,pm25_ugm3_rf,pm25_ugm3_xgb,no2_ugm3_true,no2_ugm3_rf,no2_ugm3_xgb
2025-11-16 12:00:00,181.0,209.53192261904772,216.13301,10.08,8.776721030219434,9.217878,14.5,16.299905793650794,17.804014
2025-11-16 13:00:00,196.0,222.18601190476187,249.50491,8.16,10.658522375541125,10.62628,27.22,32.678641964285696,30.244934
2025-11-16 14:00:00,184.0,207.43026190476178,215.94527,10.39,10.966777133699631,11.272144,33.46,36.32819066558442,32.88115
2025-11-16 15:00:00,294.0,264.8917440476191,270.45224,9.12,10.495783933982686,10.732981,31.96,32.87598496031745,30.365635
2025-11-16 16:00:00,390.0,425.448238095238,423.43384,9.57,9.822932301587304,9.776311,31.89,28.689530773809523,30.687504
2025-11-16 17:00:00,602.0,581.157023809524,603.45544,29.49,32.91472297619046,28.888184,120.0,132.56082964285713,102.60934
2025-11-16 18:00:00,664.0,595.0113571428569,624.63745,11.97,11.799604841269849,13.510039,42.79,41.721568214285746,42.42697
2025-11-16 19:00:00,480.0,568.1092857142859,550.8719,12.88,11.28652744047619,12.57665,33.25,36.40894626984126,36.34379
2025-11-16 20:00:00,345.0,368.7921944444444,373.89914,20.3,15.83751053571428,17.985353,79.54,53.955486408730145,57.63689
2025-11-16 21:00:00,232.0,205.99381114718614,228.80984,18.9,16.32414496031746,16.870295,79.7,65.92367666666667,69.36612
2025-11-16 22:00:00,151.0,112.67734325396823,122.0038,10.08,10.378546785714285,11.586633,32.87,26.417815941558437,25.433537
2025-11-16 23:00:00,53.0,82.31673214285716,82.03132,7.27,7.62659003303714,8.722366,13.13,16.503639250610505,15.398107
2025-11-17 00:00:00,83.0,124.70525198412703,144.16266,6.25,7.902312144660897,8.730434,15.88,17.319626845238098,18.73901
2025-11-17 01:00:00,158.0,126.19616071428574,133.23955,11.9,9.459645198676348,9.985536,24.56,22.889621547619036,24.108332
2025-11-17 02:00:00,165.0,151.09435119047623,152.66179,9.06,9.243017199300702,9.572777,21.84,24.644221525689236,23.772444
2025-11-17 03:00:00,116.0,166.6904305555555,167.85327,17.32,14.622959285714284,14.219057,57.07,50.83328327380949,52.23879
2025-11-17 04:00:00,154.0,190.69223971861464,200.58133,8.62,9.393817341269834,9.487623,25.74,21.511782380952376,20.907068
2025-11-17 05:00:00,276.0,253.52347817460318,246.03366,29.54,19.627608293650795,24.911974,138.16,76.4194824404762,78.38755
2025-11-17 06:00:00,492.0,501.8634722222221,498.47607,14.68,13.490968055555552,12.471379,44.38,47.42631541666668,47.743153
2025-11-17 07:00:00,809.0,803.6167916666664,789.5783,11.83,10.383520555555563,10.160262,25.25,36.59779648809525,33.910614
2025-11-17 08:00:00,1063.0,999.0474404761907,989.72626,11.29,10.329772519841265,13.130956,31.65,26.3382241468254,38.207294
2025-11-17 09:00:00,855.0,851.7600317460316,848.10205,10.26,10.388677142857139,10.4929905,25.07,25.660227718253985,28.366571
2025-11-17 10:00:00,582.0,540.791023809524,535.67426,12.17,13.738690555555563,12.577274,45.21,47.838589027777786,45.72979
2025-11-17 11:00:00,367.0,373.0476269841269,366.3071,7.81,9.681420116995076,10.112138,25.54,27.613026369047617,28.76854
2025-11-17 12:00:00,297.0,318.7452083333333,317.0355,9.59,8.262345337301584,8.271163,24.34,20.530277757936503,21.020685
2025-11-17 13:00:00,267.0,314.7552857142856,302.63126,8.17,9.571436666666672,9.142727,27.59,26.388055952380956,26.238293
2025-11-17 14:00:00,332.0,322.1481666666667,327.32715,9.64,7.794596521493211,7.9556065,16.43,18.06751749302781,20.491268
2025-11-17 15:00:00,386.0,412.6435595238097,405.7932,13.55,13.570508809523817,12.215886,43.64,41.2300291269841,38.903023
2025-11-17 16:00:00,643.0,618.8022261904763,596.14307,22.1,27.313287142857135,23.025496,104.74,106.88529964285718,96.31027
2025-11-17 17:00:00,915.0,923.4308670634917,915.29004,16.6,17.597907142857153,18.41972,70.49,70.47349277777778,69.33347
2025-11-17 18:00:00,1057.0,1038.662892857143,1040.5403,11.17,10.309762658730158,11.999157,33.88,33.71175293650795,40.213364
2025-11-17 19:00:00,874.0,886.155511904762,888.732,13.02,10.251694444444444,12.68688,30.7,31.50264569444446,34.127415
2025-11-17 20:00:00,553.0,513.4170833333333,479.8386,26.98,28.526562142857134,28.91503,122.89,117.41735050865799,116.066376
2025-11-17 21:00:00,295.0,336.04424007936507,325.23282,13.86,14.086858750000006,13.971482,57.72,49.89070187728937,50.92943
2025-11-17 22:00:00,268.0,189.65367857142857,206.49113,12.06,10.118896369047619,11.640792,33.66,26.852013762626253,28.301464
2025-11-17 23:00:00,188.0,156.4741527777778,188.20522,13.69,13.04205297619048,13.06452,40.98,38.07584446428573,36.795574
2025-11-18 00:00:00,148.0,122.57442005135394,134.08441,6.85,7.543520980339108,7.464809,21.06,17.482947240006368,18.313133
2025-11-18 01:00:00,124.0,128.77602777777778,139.33672,7.4,8.937549666353389,9.635409,27.17,24.281058775252532,25.013058
2025-11-18 02:00:00,152.0,157.72950396825397,154.29688,9.53,8.062274696558752,8.459173,17.8,18.955144354478858,19.554434
2025-11-18 03:00:00,152.0,166.99302548036755,160.48604,10.23,9.900741939484128,11.158929,29.41,27.126330107532205,30.255653
2025-11-18 04:00:00,154.0,197.15144047619052,198.43799,9.04,8.47173122489829,8.2818,26.59,22.324588197767152,22.026623
2025-11-18 05:00:00,298.0,259.6114285714285,257.48895,12.27,11.15259242063492,11.068124,45.54,39.41757115079365,43.669693
2025-11-18 06:00:00,509.0,498.52431150793643,497.4179,8.33,10.12944238095238,10.465482,27.37,29.58515029761905,31.948273
2025-11-18 07:00:00,784.0,825.3982876984124,835.6734,12.53,10.553878154761907,10.005136,33.89,29.72638027777778,32.24483
2025-11-18 08:00:00,1027.0,1017.5916884920634,1026.7874,10.89,10.971690357142856,15.7287245,35.73,34.84686765873016,54.772964
2025-11-18 09:00:00,870.0,862.4573115079361,879.1705,9.05,8.67574166666666,8.41329,19.45,19.312612638888886,23.073997
2025-11-18 10:00:00,554.0,564.5400238095239,545.74115,18.83,27.20679523809523,20.566145,84.65,99.9296086309523,79.45879
2025-11-18 11:00:00,375.0,345.3056607142857,340.2419,11.76,12.78154833333333,13.308542,41.57,44.70532388888887,44.278088
2025-11-18 12:00:00,346.0,319.3526726190477,314.7553,7.42,8.178274091698388,8.367984,17.14,18.881288829365072,20.805487
2025-11-18 13:00:00,291.0,305.3875773809525,330.43124,7.27,7.801497583333332,8.129527,16.74,15.296173809523808,17.775835
2025-11-18 14:00:00,341.0,334.0630238095238,325.53848,8.8,8.335743665154952,8.98688,22.3,20.335052692130134,21.758753
2025-11-18 15:00:00,412.0,416.72823809523805,410.93417,7.61,8.180807687210539,8.326486,18.94,19.017786033891028,19.493147
2025-11-18 16:00:00,637.0,623.4889761904761,623.7027,9.58,10.735456726190478,12.50864,33.44,28.450439682539685,40.668922
2025-11-18 17:00:00,965.0,891.2251249999997,905.0552,8.32,10.13269111111111,10.6470785,31.4,27.99310986111111,30.398455
2025-11-18 18:00:00,1063.0,1044.4859503968253,1039.4991,12.82,10.110770615079362,11.491084,29.52,32.565444246031745,38.70077
2025-11-18 19:00:00,818.0,871.4914761904764,888.75525,15.59,14.047396289682547,19.126978,68.33,57.399293988095266,69.98981
2025-11-18 20:00:00,644.0,503.38040476190486,495.2417,18.29,15.52406267857142,17.316036,67.54,58.42963380952383,67.91686
2025-11-18 21:00:00,328.0,439.9604226190477,462.18027,11.1,9.306494772727273,8.905457,27.69,23.507823948412703,25.856947
2025-11-18 22:00:00,219.0,192.0124285714286,199.93558,7.58,7.731063357137731,8.572514,22.49,16.965312724497725,18.302696
2025-11-18 23:00:00,113.0,148.66277976190472,143.92491,12.11,13.703539880952372,13.150584,37.51,49.228997440476185,47.754597
2025-11-19 00:00:00,141.0,127.41169047619047,147.42056,5.41,8.926588655956111,8.618268,25.51,20.137877480158735,20.34607
2025-11-19 01:00:00,131.0,136.58390476190473,141.9963,8.81,7.2962300904120205,7.756054,16.46,18.782123714063715,18.479395
2025-11-19 02:00:00,122.0,169.0632162698413,179.28584,12.14,10.70039547619048,10.543365,32.58,32.78507071428571,31.905682
2025-11-19 03:00:00,176.0,174.95685119047613,174.776,8.36,8.93112779386597,8.967361,23.89,23.344014781746015,23.693974
2025-11-19 04:00:00,220.0,184.92646300186738,198.99069,11.19,10.784555971177944,11.669604,36.2,35.34425680555555,34.309765
2025-11-19 05:00:00,259.0,287.57268921356444,274.0117,11.91,10.31800726190476,10.844211,35.89,34.027010317460324,33.72174
2025-11-19 06:00:00,483.0,465.83626352813843,489.51575,7.45,8.610903412698411,9.254256,20.93,22.924455714285706,26.591413
2025-11-19 07:00:00,829.0,805.9026567460318,815.90826,11.2,11.851612523448772,14.46134,32.44,30.600727242063485,45.989784
2025-11-19 08:00:00,986.0,1022.2269702380951,995.8472,10.05,11.030485337301581,16.38167,31.5,32.642114146825406,52.899258
2025-11-19 09:00:00,879.0,851.2547738095241,831.47736,12.06,9.498727678571424,9.787964,34.49,31.768938134920635,31.107464
2025-11-19 10:00:00,586.0,567.5016587301591,544.87726,10.45,8.98104023809524,8.5819435,24.44,20.39535839285714,22.26172
2025-11-19 11:00:00,414.0,371.6410436507935,355.05804,9.48,7.9222240298663325,8.717055,21.79,19.815419885912696,20.960358
2025-11-19 12:00:00,325.0,314.34337896825394,333.4752,8.6,7.328101813426624,7.2216525,12.43,15.845360207570213,16.39442
2025-11-19 13:00:00,317.0,275.2714285714286,253.84103,7.47,7.406774771537829,6.975686,21.05,16.333088085598607,16.573648
2025-11-19 14:00:00,332.0,320.01215674603174,339.96014,9.28,8.026096689348593,7.6170053,18.7,17.431058757105326,17.789438
2025-11-19 15:00:00,405.0,413.49260714285725,405.7734,9.84,8.797222573107444,8.530977,24.44,24.601923214285712,27.785467
2025-11-19 16:00:00,603.0,620.4891964285716,599.2402,8.77,11.117172500000002,12.991021,37.26,32.269330416666655,43.45056
2025-11-19 17:00:00,959.0,920.1568208874457,928.06573,15.51,15.992860059523805,16.352913,57.99,57.44869400793652,58.386604
2025-11-19 18:00:00,1039.0,1042.8418650793653,1053.4204,8.83,9.506600674603172,10.413634,30.28,36.22878263888888,38.89409
2025-11-19 19:00:00,897.0,883.2315476190474,875.3383,25.71,22.198722499999995,25.08634,102.83,97.5227405952381,101.85882
2025-11-19 20:00:00,549.0,514.5301904761907,505.4868,12.59,12.045519880952385,14.78442,36.94,34.884306206709944,46.61173
2025-11-19 21:00:00,357.0,324.1164067460317,314.11395,9.83,8.397083557344583,8.936525,23.05,19.290537341269854,18.248745
2025-11-19 22:00:00,188.0,187.7092261904762,203.92093,8.59,8.016167866201206,8.788546,19.39,18.740149784798533,19.720396
2025-11-19 23:00:00,125.0,115.462251984127,143.96246,7.64,8.13322174783054,8.931294,15.75,19.07213376803751,20.51171
2025-11-20 00:00:00,159.0,121.59740873015876,131.48853,8.72,7.829402840617625,7.9941134,19.71,16.174636483516487,17.031082
2025-11-20 01:00:00,166.0,133.95608839689723,128.31812,7.46,7.97718257360214,8.200613,24.82,18.20359204365079,19.307938
2025-11-20 02:00:00,187.0,164.18555525030519,155.11086,11.1,11.12970747321428,11.245259,37.93,38.98895507034632,38.46431
2025-11-20 03:00:00,172.0,167.27868468296404,174.59175,9.31,9.428310324877987,9.1295185,19.46,24.5470724404762,24.19495
2025-11-20 04:00:00,162.0,179.7710234487734,186.37749,12.66,9.838330867408558,10.262206,32.85,27.942621545530486,31.31606
2025-11-20 05:00:00,248.0,284.75459126984134,269.85773,11.83,11.448631645781113,12.537796,45.83,43.33569767857144,43.096687
2025-11-20 06:00:00,456.0,492.2953492063492,479.7072,17.74,13.755498392857145,14.990012,56.11,55.84170666666666,56.829166
2025-11-20 07:00:00,823.0,814.8163174603175,811.0007,9.22,10.444978035714293,14.705247,32.6,28.857803769841258,46.26445
2025-11-20 08:00:00,1078.0,1012.6944166666668,1003.36084,16.01,14.907614583333338,17.711962,58.91,56.46598253968256,71.66041
2025-11-20 09:00:00,835.0,848.539529761905,843.67926,9.79,9.769454285714291,13.19721,27.5,28.12457248015872,40.23813
2025-11-20 10:00:00,589.0,564.1668690476191,569.1714,9.57,8.985766011904765,8.794925,18.0,19.860958035714287,19.659033
2025-11-20 11:00:00,407.0,368.86868055555567,391.10806,7.93,7.88056746381886,8.171624,20.16,18.34928006944444,21.047298
2025-11-20 12:00:00,390.0,314.8340892857142,322.24084,7.57,8.086078119047615,8.400971,16.42,15.997677757936506,17.937267
2025-11-20 13:00:00,306.0,310.1423154761905,318.68137,7.93,8.030265103799758,8.559975,14.13,17.575564482473542,17.744165
2025-11-20 14:00:00,304.0,332.08562500000005,358.29318,7.17,8.602857495456712,8.136644,21.36,20.231457873024123,22.34692
2025-11-20 15:00:00,424.0,403.39387752525255,379.54712,12.97,16.194439345238106,16.76372,49.79,54.386779503968256,54.80433
2025-11-20 16:00:00,658.0,636.9207559523809,629.3455,7.07,9.43201587301587,11.827641,30.44,26.02529164682541,38.555393
2025-11-20 17:00:00,883.0,920.2407003968251,890.6594,18.28,17.418969285714283,18.094625,71.19,68.71624464285718,72.196465
2025-11-20 18:00:00,1032.0,1048.2092797619048,1054.9736,29.27,28.457937837301614,28.743414,129.0,124.95920238095236,107.97229
2025-11-20 19:00:00,901.0,889.7618511904761,885.0362,78.82,50.35866315476187,47.548145,180.0,169.62347898809531,167.76295
2025-11-20 20:00:00,549.0,503.8765773809526,503.92334,12.71,10.34669878968254,14.434975,35.49,31.970878571428575,46.79756
2025-11-20 21:00:00,286.0,325.8687440476191,328.2455,7.64,8.211524354921897,9.097636,15.41,19.039010790043292,20.452534
2025-11-20 22:00:00,166.0,179.76164285714287,175.53328,11.65,7.853248929810757,8.423746,19.55,16.753601273056663,18.35431
2025-11-20 23:00:00,162.0,142.88046171802057,145.95837,10.73,13.492861780303025,13.783242,34.73,50.70587672619049,44.12044
2025-11-21 00:00:00,216.0,140.24477254689754,148.63753,11.4,9.452338992730455,10.032723,24.68,23.24210876984127,24.602715
2025-11-21 01:00:00,91.0,152.46329761904764,160.9841,7.3,7.228181811296008,7.020166,13.75,16.62168535714286,16.0539
2025-11-21 02:00:00,116.0,162.3993273809523,154.71397,9.28,7.797503432539681,8.577494,5.98,16.48540535714286,15.488157
2025-11-21 03:00:00,186.0,176.57505555555545,177.592,12.53,9.879856428571426,9.905432,31.78,26.026180798615684,30.259972
2025-11-21 04:00:00,246.0,184.45052018079957,192.03645,6.16,8.190130783462916,8.243088,21.11,21.1775111926212,22.062197
2025-11-21 05:00:00,329.0,259.3236011904762,267.9929,16.51,13.146131031746028,14.52092,61.97,45.68685698412702,52.82758
2025-11-21 06:00:00,521.0,513.4056726190473,516.28754,33.6,37.201863392857135,35.84821,165.79,147.88751098484846,137.30151
2025-11-21 07:00:00,840.0,807.7930416666666,825.72345,40.3,39.73551857142858,31.806686,180.0,152.7399317261905,142.41603
2025-11-21 08:00:00,1019.0,1008.5530753968252,1018.6768,14.13,10.554637830086586,12.985447,37.82,35.431434761904775,41.269657
2025-11-21 09:00:00,856.0,848.5867182539685,857.7118,14.49,15.237855039682547,15.764196,48.15,46.63787785714285,46.838818
2025-11-21 10:00:00,519.0,534.4110714285713,546.93134,12.02,9.789008988095235,9.714486,27.32,25.645981865079357,26.609287
2025-11-21 11:00:00,328.0,348.79254761904764,366.2094,9.44,9.860622873887305,10.30601,25.51,26.68805256715507,28.989635
2025-11-21 12:00:00,315.0,306.3972321428571,314.46854,10.46,7.862167308639203,7.7877655,18.18,17.145416555678125,18.139791
2025-11-21 13:00:00,280.0,290.5238273809525,293.68005,7.59,7.366542950033285,7.5697064,10.31,16.872228673687424,17.54369
2025-11-21 14:00:00,310.0,340.7490595238097,367.82947,8.52,8.36110454921085,9.150029,17.51,17.82169515922172,19.266796
2025-11-21 15:00:00,385.0,424.2257420634922,416.87747,6.95,8.89467799463402,8.339266,18.38,23.474574832251086,26.337889
2025-11-21 16:00:00,622.0,641.2680357142858,630.72723,8.0,8.496619702380952,12.420069,25.39,19.368406082251074,32.22722
2025-11-21 17:00:00,933.0,906.1388313492063,885.65894,14.58,12.934313035714286,13.505841,51.49,48.595117599206354,46.694813
2025-11-21 18:00:00,1036.0,1038.8486904761908,1040.1624,10.6,12.43133458333333,12.988226,42.4,37.84633946428572,44.03886
2025-11-21 19:00:00,932.0,887.555535714286,874.2746,15.08,14.594151805555557,16.208015,52.82,49.054969503968216,52.243004
2025-11-21 20:00:00,637.0,533.9179722222221,506.03415,12.84,11.81696329365079,12.552459,50.1,38.318384987373726,41.60468
2025-11-21 21:00:00,297.0,424.3518531746033,432.04913,9.69,8.998570169937587,9.445423,24.07,27.959697638888866,27.032518
2025-11-21 22:00:00,166.0,189.9469047619047,180.82059,7.02,9.402095687795027,9.550065,27.14,24.386549266566767,25.97293
2025-11-21 23:00:00,98.0,143.54748809523812,166.72736,9.02,9.846198441558437,10.745475,29.21,28.90801035714285,26.923084
2025-11-22 00:00:00,174.0,134.8555137362637,126.10838,10.33,9.03767065690634,9.176882,20.29,21.361793347069575,23.618038
2025-11-22 01:00:00,159.0,117.38605427170869,109.99411,14.87,12.300485059523812,12.558044,46.45,45.864503095238085,42.953674
2025-11-22 02:00:00,94.0,121.83658333333337,135.82655,6.49,8.496830238095244,9.916111,20.63,20.0640453968254,21.168615
2025-11-22 03:00:00,110.0,136.1457202380952,146.81512,9.32,8.282076250000001,8.185547,11.57,18.412113412698414,18.300182
2025-11-22 04:00:00,126.0,171.2548015873016,167.01535,10.37,10.3240526984127,9.757103,25.82,35.513861428571445,29.172903
2025-11-22 05:00:00,224.0,199.37215873015882,209.73566,10.58,9.713095079365077,10.929976,28.44,26.057606845238098,33.954216
2025-11-22 06:00:00,428.0,369.9211071428571,374.71323,9.48,8.929602063492062,9.735368,26.94,22.506719642857156,22.321825
2025-11-22 07:00:00,659.0,695.9541904761903,700.2217,9.63,8.410724384920629,9.202028,26.65,22.510746190476187,24.738815
2025-11-22 08:00:00,775.0,781.1633214285715,785.302,12.85,11.92868328463204,10.853699,32.69,31.4224354563492,32.77396
2025-11-22 09:00:00,697.0,654.5610873015873,671.7353,9.35,8.278884285714287,10.001325,17.36,19.93902430555556,24.955914
2025-11-22 10:00:00,448.0,419.88323809523797,449.84464,7.75,8.562966268770017,9.40714,14.36,19.447011488095242,20.630014
2025-11-22 11:00:00,303.0,279.0298690476191,275.82483,9.43,10.016859523809527,9.312566,36.98,27.512060932539693,29.7689
2025-11-22 12:00:00,236.0,267.1446150793651,270.13852,10.71,11.025494107142856,10.900988,31.38,36.717339761904746,33.4571
2025-11-22 13:00:00,244.0,271.39904960317466,285.38855,11.5,10.722501468253965,11.263569,30.05,36.51766422619048,32.041466
2025-11-22 14:00:00,285.0,257.9180496031747,283.751,7.62,8.52124507203817,8.427159,19.21,18.354366428571435,19.284077
2025-11-22 15:00:00,326.0,311.3896964285715,314.43716,9.79,9.790505455304931,9.957642,36.12,32.41904821428571,31.221794
2025-11-22 16:00:00,485.0,465.5114177489176,482.64926,9.66,8.67145009920635,9.106014,21.74,21.254124404761907,20.952135
2025-11-22 17:00:00,718.0,712.2877380952381,716.7612,13.34,12.291097063492067,12.6216955,35.71,41.70880329365079,37.938705
2025-11-22 18:00:00,800.0,824.3452202380951,844.3575,20.32,17.80348355158729,18.839193,74.12,72.79519876984128,68.7648
2025-11-22 19:00:00,713.0,664.2194696969696,661.7363,7.72,9.88028904761905,10.415296,26.77,29.356602738095248,28.279158
2025-11-22 20:00:00,494.0,444.8245238095239,436.38358,10.73,12.780218373015883,12.826492,42.57,43.27365232142856,38.35471
2025-11-22 21:00:00,223.0,275.06280555555554,256.91202,10.39,9.329035781799085,10.052508,27.63,28.891975833333326,27.051908
2025-11-22 22:00:00,180.0,158.99926785714288,147.27568,9.71,9.205905649917714,8.802141,28.2,23.52821535714286,23.334799
2025-11-22 23:00:00,163.0,131.22548342670396,142.78783,8.29,9.437560817669173,10.695803,35.84,24.53107821428572,25.527266
2025-11-23 00:00:00,124.0,69.87036471861474,73.81384,7.47,6.999237261186038,7.5345607,26.73,17.578415053208495,17.656952
2025-11-23 01:00:00,71.0,76.34463095238094,76.83158,9.56,7.762822738095239,8.035098,22.46,16.66979484126984,17.02628
2025-11-23 02:00:00,117.0,83.93147023809524,89.100044,5.77,7.677360512133086,7.21614,18.35,18.32068196428571,20.460207
2025-11-23 03:00:00,119.0,91.12098015873018,98.65168,7.87,7.695084886160942,8.368019,16.97,18.581056742626576,19.303701
2025-11-23 04:00:00,102.0,99.4659880952381,121.245384,4.81,8.43065455090098,8.9370775,14.54,19.765436369047624,17.042362
2025-11-23 05:00:00,152.0,140.8752400793651,169.92282,10.89,10.122798582251084,11.046116,34.91,41.31178968253971,36.529976
2025-11-23 06:00:00,329.0,284.3505476190476,350.0183,9.56,8.335909085529405,8.677165,26.69,25.135511944444453,26.333664
2025-11-23 07:00:00,520.0,517.4103750000002,578.13635,8.88,8.896757738095237,9.285592,31.87,25.167887261904767,26.400288
2025-11-23 08:00:00,594.0,625.3996904761904,626.14935,8.93,8.753321865079366,10.45718,22.29,21.23178357142858,33.850334
2025-11-23 09:00:00,519.0,592.6902992424242,572.75146,11.23,10.233558676046169,9.432061,31.01,28.486939285714286,29.062845
2025-11-23 10:00:00,424.0,355.89026190476187,378.29214,10.21,8.35382556442379,8.500893,23.18,19.4537431547619,20.49423
2025-11-23 11:00:00,224.0,276.07044444444443,291.0411,9.21,8.105490975712618,8.58043,19.05,18.068134020562766,19.885868
2025-11-23 12:00:00,204.0,211.58322023809527,226.873,6.7,7.838251382428647,8.079437,12.66,15.518359734166165,15.760837
2025-11-23 13:00:00,211.0,213.71793470418473,210.18747,11.57,11.682046785714288,11.711801,36.52,43.06718679653682,43.971664
2025-11-23 14:00:00,240.0,212.57494264069254,206.49557,5.57,9.565388029448622,8.737593,20.21,22.49644083333334,21.552021
2025-11-23 15:00:00,275.0,283.2655952380953,269.96027,9.73,9.100382222222219,9.364727,24.96,24.931920689033188,26.243238
2025-11-23 16:00:00,374.0,411.43731547619035,432.0778,11.74,9.129489626517277,8.692568,24.64,24.175336170634928,23.731947
2025-11-23 17:00:00,518.0,591.0258690476192,564.12305,15.06,12.61094833333334,13.61462,47.45,46.93014361111114,47.191147
2025-11-23 18:00:00,596.0,634.8879166666667,623.38983,7.11,8.979436230158733,9.863379,28.14,23.526210297619055,25.80843
2025-11-23 19:00:00,485.0,557.6966666666666,549.76855,11.09,9.384747956349207,10.051848,23.0,25.252122857142844,23.900097
2025-11-23 20:00:00,311.0,342.41535515873034,344.26825,12.33,11.240497638888888,12.979748,45.02,37.53441535714284,40.646954
2025-11-23 21:00:00,149.0,199.5785297619047,226.28906,14.31,14.218621726190479,14.475397,58.92,58.59067690476189,52.124844
2025-11-23 22:00:00,136.0,77.49292261904763,67.454285,5.09,7.17770257936508,7.954808,16.53,15.902212623626365,17.269516
2025-11-23 23:00:00,104.0,73.42722619047619,80.36459,7.1,8.314528888888882,8.247018,15.79,16.366333809523816,18.447386
2025-11-24 00:00:00,197.0,135.0294285714286,147.33408,13.13,10.355820863997117,10.535497,32.24,29.40507441197694,31.29512
2025-11-24 01:00:00,171.0,129.65844047619052,131.46451,8.98,7.998914209500989,8.299649,15.54,19.38252106421356,18.61308
2025-11-24 02:00:00,136.0,147.60999801587295,164.88933,8.47,8.709975318762753,8.874486,21.92,20.474064567338782,22.45377
2025-11-24 03:00:00,164.0,171.62375070028008,184.29976,12.88,8.232363765982818,8.476609,13.63,20.442931713093664,20.975231
2025-11-24 04:00:00,146.0,187.47622851413288,186.88925,12.92,9.883653273809527,10.745463,33.72,30.32298968253968,28.646076
2025-11-24 05:00:00,278.0,248.90987103174612,260.50522,9.63,8.500023991174059,8.542241,28.92,21.882162916666662,23.284641
2025-11-24 06:00:00,438.0,497.7494107142858,509.58142,13.29,10.284189482323232,9.996462,37.56,34.985417321428585,33.369755
2025-11-24 07:00:00,883.0,791.9527896825398,798.92206,14.6,10.481294821428579,13.55486,33.23,30.409951884920638,49.134617
2025-11-24 08:00:00,1014.0,997.745700396826,991.8542,41.36,39.19580785714285,37.26772,180.0,154.78712013888884,167.01736
2025-11-24 09:00:00,883.0,829.9585694444445,822.6966,25.76,26.688752380952383,29.48761,104.62,125.8158731944445,124.66488
2025-11-24 10:00:00,541.0,562.768541666667,558.9793,7.73,9.10904267857143,9.229415,22.08,22.175378452380937,25.59084
2025-11-24 11:00:00,366.0,363.4220396825396,368.49924,8.4,7.428260535268538,7.5962796,18.58,17.48827949990981,20.251112
2025-11-24 12:00:00,343.0,322.8393571428572,348.1024,8.68,8.05016923148314,8.576318,23.06,16.798119396958715,19.443588
2025-11-24 13:00:00,276.0,314.43739880952376,322.80307,10.1,8.9604510303483,8.63992,25.38,21.15841967261905,23.466341
2025-11-24 14:00:00,291.0,327.77303571428564,318.54782,10.66,7.616544133771604,8.128455,16.52,17.728494378628525,17.700872
2025-11-24 15:00:00,338.0,428.62630357142893,412.02335,8.08,8.195182606005107,7.422739,23.9,23.04493867277992,23.471296
2025-11-24 16:00:00,603.0,534.3568690476189,560.8805,9.78,8.737547976190482,11.4307575,24.45,21.91104011904762,33.473953
2025-11-24 17:00:00,874.0,903.0488273809523,884.99927,12.85,12.673321022727272,12.848869,38.79,35.489477738095246,38.25913
2025-11-24 18:00:00,965.0,1032.2525,1050.3336,9.95,8.563713769841277,10.057304,26.67,27.99225888888891,36.366184
2025-11-24 19:00:00,887.0,929.9785714285711,915.8197,50.95,39.759190535714275,43.18061,180.0,157.36542464285714,155.98692
2025-11-24 20:00:00,527.0,494.15255952380954,497.5632,16.88,15.152923769841276,17.794935,59.44,53.84293988095238,53.387978
2025-11-24 21:00:00,294.0,322.63059722222215,320.04883,10.23,8.459613622272528,9.965822,25.63,21.505927202380967,21.780891
2025-11-24 22:00:00,122.0,178.02965836940828,190.27252,12.36,9.884082043650794,10.250028,28.69,31.836892380952367,30.86051
2025-11-24 23:00:00,210.0,129.30334325396828,128.79066,9.75,8.162081697994992,8.354122,19.24,21.59696321428571,22.57528
2025-11-25 00:00:00,154.0,144.5535,154.5562,8.86,7.653276974602811,7.960385,17.1,20.243409958513713,22.134523
2025-11-25 01:00:00,148.0,134.59136834733894,144.47731,11.08,9.977787594246031,10.986291,34.86,28.48664954697347,31.160944
2025-11-25 02:00:00,138.0,163.0544226190477,160.35612,12.05,10.247115503899833,11.521351,30.08,27.902115158730144,28.535301
2025-11-25 03:00:00,150.0,181.25818849206345,200.93367,12.34,9.865943928571426,9.823817,33.44,23.30994134920635,30.461847
2025-11-25 04:00:00,183.0,184.0258611111111,189.3114,10.7,11.010618492063497,12.376615,36.7,30.554070447012137,34.456608
2025-11-25 05:00:00,297.0,254.45572619047635,253.38602,6.94,8.076521768951833,7.695673,24.98,18.89648041666667,20.16592
2025-11-25 06:00:00,569.0,512.1171964285713,487.87567,12.94,11.7171676984127,12.299641,48.95,36.69548089285712,41.042416
2025-11-25 07:00:00,704.0,877.7705515873013,912.48364,12.41,12.007419444444444,13.685817,36.2,39.73018428571428,51.899574
2025-11-25 08:00:00,967.0,983.8853273809523,981.27826,14.65,15.994877480158742,20.86479,62.6,58.28456357142856,80.0523
2025-11-25 09:00:00,796.0,851.5276984126982,871.4608,16.8,18.91154297619047,17.597599,61.75,66.75186936507932,55.04625
2025-11-25 10:00:00,512.0,578.3579880952383,551.08734,7.15,8.815940892857146,8.879543,20.85,19.520376369047618,18.640692
2025-11-25 11:00:00,316.0,350.77616865079364,356.0269,10.18,8.577502628815626,8.5601635,21.12,21.672544177489172,22.425034
2025-11-25 12:00:00,309.0,305.7358062770564,301.66388,9.04,7.041692780554342,7.710854,10.8,16.09194460169812,16.968964
2025-11-25 13:00:00,341.0,301.0072162698414,277.5858,13.38,12.888975119047618,13.029892,50.73,47.55175797619049,49.324913
2025-11-25 14:00:00,272.0,317.5021646825397,326.15067,8.79,10.411236962233172,10.288979,29.8,27.66554919552669,25.45513
2025-11-25 15:00:00,421.0,428.91947222222234,443.81842,6.8,8.163484934607013,8.685606,22.47,20.2298254584942,19.74351
2025-11-25 16:00:00,587.0,629.0476289682539,681.5846,11.79,12.114155634920637,13.490998,37.55,36.74887255952383,46.12259
2025-11-25 17:00:00,890.0,898.7902857142856,911.08215,15.84,13.45306011904762,13.455039,49.12,44.27268819444444,47.0446
2025-11-25 18:00:00,1013.0,1032.3220559163058,1035.7684,21.48,20.238104285714286,20.785194,100.4,83.57513087301591,82.45664
2025-11-25 19:00:00,835.0,873.6871249999998,861.2934,26.95,29.33585571428572,29.580904,123.37,122.48825470238091,114.876976
2025-11-25 20:00:00,603.0,533.1831904761905,529.5894,13.1,12.477781448412696,12.763793,33.36,39.19374988095236,40.050068
2025-11-25 21:00:00,294.0,320.1143353174604,324.71283,12.94,8.688696208628341,8.712886,26.36,23.501356785714307,22.361042
2025-11-25 22:00:00,193.0,188.87660982726425,202.89902,10.67,9.166585961614441,10.038897,24.84,24.618610255847948,24.584406
2025-11-25 23:00:00,155.0,129.54389880952382,135.66429,10.31,7.843072154107784,8.00414,22.48,20.657370718864463,20.075207
2025-11-26 00:00:00,137.0,117.7074992236025,125.95495,11.48,8.200318985832231,8.8474455,21.01,17.753084904078406,19.561014
2025-11-26 01:00:00,140.0,122.32113888888885,147.79135,11.58,10.379749166666665,10.474653,35.15,31.720842023809546,34.415184
2025-11-26 02:00:00,183.0,155.4627757936508,158.43782,14.37,11.911030232683984,12.843721,40.63,34.27779273809524,36.634457
2025-11-26 03:00:00,204.0,171.23955594255244,188.395,10.17,9.91344625710497,10.542196,26.41,27.45541234400655,27.624498
2025-11-26 04:00:00,162.0,189.13743919234358,191.04993,9.47,11.972821125541124,13.017104,34.25,41.25712700396825,36.5861
2025-11-26 05:00:00,252.0,294.42858207070714,303.65878,12.57,11.720212638888881,12.617578,48.58,45.111429702380974,47.075066
2025-11-26 06:00:00,479.0,485.6431309523807,492.7636,26.44,26.68851571428573,25.332842,118.92,116.82802775793652,116.122696
2025-11-26 07:00:00,823.0,802.8389007936505,817.1471,11.98,10.213479464285719,15.145855,31.39,31.444508392857166,49.142975
2025-11-26 08:00:00,970.0,1014.1104940476191,987.6075,18.07,16.49886041666666,22.892868,73.04,63.58582357142855,84.30989
2025-11-26 09:00:00,898.0,853.1169007936509,868.0359,11.54,10.042516230158732,10.50659,25.26,30.261388630952393,29.643978
2025-11-26 10:00:00,588.0,560.4698452380956,542.096,8.39,9.17797279761905,9.132522,22.57,20.7220950595238,21.825306
2025-11-26 11:00:00,341.0,381.18375793650796,368.67435,8.37,7.335545013454854,6.9466696,20.65,16.116424796869804,17.36518
2025-11-26 12:00:00,293.0,302.2737142857143,316.55304,12.41,11.688814161255406,11.171411,42.45,45.46706708333336,45.162193
2025-11-26 13:00:00,232.0,291.71418055555563,312.9231,8.68,7.534046335034016,7.66215,17.42,15.837456865079375,16.955734
2025-11-26 14:00:00,308.0,299.88302182539684,277.807,7.16,7.063931443263049,6.7247777,22.02,16.652696377838648,16.396837
2025-11-26 15:00:00,435.0,434.4266369047623,403.78864,10.99,8.36092357448107,8.149197,24.47,25.04874186507938,25.68786
2025-11-26 16:00:00,666.0,633.512988095238,608.9967,12.75,13.00820452380953,16.274042,44.03,42.60522859126985,55.07117
2025-11-26 17:00:00,907.0,928.7780337301588,936.91943,24.94,26.16397726190478,27.876984,111.69,116.23436773809527,108.98975
2025-11-26 18:00:00,1022.0,1045.6180440115438,1054.083,15.51,17.059459702380956,16.416225,69.91,63.72428371031749,66.25455
2025-11-26 19:00:00,939.0,876.3677797619047,878.8031,15.67,14.448230972222213,15.970933,52.25,46.42600942460317,53.602352
2025-11-26 20:00:00,575.0,524.6980952380953,501.1792,16.1,13.860535634920641,13.993071,45.29,48.74555446428572,49.86648
2025-11-26 21:00:00,244.0,328.6469603174603,336.91974,13.06,10.263384585859542,11.308447,34.22,29.644545952380955,27.902565
2025-11-26 22:00:00,138.0,179.5542678571429,199.83669,6.87,7.450671949855697,8.154282,17.92,16.113937523448772,15.231107
2025-11-26 23:00:00,150.0,131.39715021008408,150.34692,8.99,9.323518540859016,9.595288,25.27,24.404588368398855,24.529728
2025-11-27 00:00:00,113.0,143.63141723554224,152.23802,15.0,11.661484994588747,11.4197,37.34,36.66781261904761,37.404037
2025-11-27 01:00:00,143.0,129.8018392857143,145.21179,8.13,9.029341420549049,10.342747,22.87,20.05666922619048,18.475676
2025-11-27 02:00:00,157.0,158.44475396825396,148.85011,12.78,12.823740411255416,12.728893,35.82,46.6731328373016,42.74171
2025-11-27 03:00:00,189.0,179.70395109710537,178.4604,16.66,17.022111031746036,17.846912,63.25,66.19977319444442,67.83408
2025-11-27 04:00:00,219.0,167.34928968253968,173.85748,11.69,8.115018690476195,8.580792,25.96,21.370919940476192,22.037899
2025-11-27 05:00:00,164.0,281.5314246031746,280.27853,15.64,15.941400892857146,15.681968,54.96,66.5792004166667,62.791702
2025-11-27 06:00:00,498.0,361.25434523809514,450.60684,8.9,9.850698650793651,10.577679,29.47,29.035070972222215,30.230322
2025-11-27 07:00:00,803.0,820.8946349206351,851.7165,21.94,22.355300595238067,24.0835,97.73,94.52694820165944,111.23122
2025-11-27 08:00:00,931.0,1000.000428571429,990.45276,15.59,17.994319464285716,18.908915,70.2,71.8131208333333,79.02137
2025-11-27 09:00:00,841.0,865.8952023809522,852.50073,18.15,21.086756904761895,20.324715,79.76,78.20048839285711,68.09408
2025-11-27 10:00:00,568.0,568.6844464285718,568.40045,7.09,8.976395634920634,9.694732,21.05,19.71433904761905,20.436047
2025-11-27 11:00:00,407.0,365.31299801587306,370.26834,7.77,8.44356717970521,9.320458,19.04,17.730889662698406,18.43312
2025-11-27 12:00:00,347.0,316.25685119047625,318.79578,8.0,7.974556541263297,8.14463,24.93,16.825205050747865,17.355951
2025-11-27 13:00:00,288.0,314.5023511904762,327.70972,9.66,8.896418513431014,9.640624,26.7,22.264448392857144,24.454857
2025-11-27 14:00:00,386.0,319.96695436507946,325.5715,8.26,8.492940317460318,9.01461,19.12,18.112930714904454,17.530188
2025-11-27 15:00:00,390.0,400.7495615079364,400.97354,10.99,10.998548153717628,11.054962,33.65,36.645977103174594,37.244495
2025-11-27 16:00:00,641.0,632.3722083333332,641.0915,9.91,8.952020416666667,10.2210865,22.37,21.40921595238095,24.2133
2025-11-27 17:00:00,865.0,904.5635654761904,901.3938,36.51,39.664817142857146,39.50894,175.38,157.92878488095238,163.69278
2025-11-27 18:00:00,1011.0,1031.9463095238095,1026.3339,20.34,20.340532196969697,19.59563,89.67,82.38391428571427,79.1796
2025-11-27 19:00:00,900.0,896.75119047619,880.27924,11.0,11.217965297619045,10.970143,33.51,38.262359107142856,41.29953
2025-11-27 20:00:00,605.0,510.092,502.88016,15.17,14.273386984127006,14.266872,48.52,50.75499246031749,46.682358
2025-11-27 21:00:00,310.0,320.91556944444454,341.29324,6.27,8.754581170674857,9.567233,26.29,24.128990972222233,24.108309
2025-11-27 22:00:00,217.0,207.68941736694677,212.4174,17.16,15.893248888888891,16.445631,69.06,60.99345267857142,60.821846
2025-11-27 23:00:00,157.0,138.76086309523814,129.96729,11.51,8.727088420634924,10.391799,20.43,22.016623432539674,24.605328
2025-11-28 00:00:00,93.0,133.4212444638694,138.28244,6.52,9.269300845238094,8.723568,21.28,22.04671847222222,23.571493
2025-11-28 01:00:00,167.0,147.30720634920638,148.54034,7.01,8.088726540433377,8.161077,16.71,19.158943742784988,19.433435
2025-11-28 02:00:00,184.0,157.2255773809524,158.93454,9.95,9.015044335407204,10.232593,26.67,22.12818928571427,22.363499
2025-11-28 03:00:00,146.0,164.30035714285705,178.72104,9.04,7.645544184675154,7.6490955,22.43,16.325886738636395,16.912458
2025-11-28 04:00:00,178.0,178.35767261904763,169.02472,7.31,8.775887688437532,9.192781,21.38,20.352873274428276,20.708973
2025-11-28 05:00:00,239.0,266.90988492063485,255.95337,9.31,7.829552114874209,7.932538,23.14,19.93261898809522,20.78348
2025-11-28 06:00:00,464.0,469.65808333333337,485.30835,39.65,37.815678154761905,31.134014,180.0,134.02659271825388,123.9553
2025-11-28 07:00:00,798.0,799.3330892857142,805.6983,13.89,12.613744662698407,13.507807,45.22,40.55473375000001,47.473457
2025-11-28 08:00:00,941.0,1012.1973690476185,1020.55005,11.72,13.805447956349212,13.463233,48.64,51.3966029761905,55.3754
2025-11-28 09:00:00,850.0,850.7063134920636,861.79285,18.19,16.348255595238086,20.491611,57.49,53.3563284523809,67.23842
2025-11-28 10:00:00,562.0,532.000511904762,569.9472,20.37,27.594338452380956,20.84965,86.43,102.9617294642857,83.6859
2025-11-28 11:00:00,376.0,372.9371488095237,356.44427,6.94,8.407325770422297,8.546851,19.75,18.16072845238095,18.016338
2025-11-28 12:00:00,271.0,319.82143452380967,322.23538,8.66,8.710716838735527,8.949699,11.38,15.588856693121693,15.801825
2025-11-28 13:00:00,325.0,303.04523214285706,299.33817,10.24,11.098264940476191,11.897402,36.96,30.900522202380944,30.887531
2025-11-28 14:00:00,251.0,324.8641428571429,353.33026,10.18,8.304192746141597,8.598129,17.59,17.330502734221295,17.778881
2025-11-28 15:00:00,400.0,413.2946731601733,412.0761,18.52,16.01235315476191,15.757301,67.88,55.510088443362164,57.483566
2025-11-28 16:00:00,595.0,614.9107222222223,618.7679,17.54,23.03425981601732,22.120018,68.63,101.4609754166666,103.80213
2025-11-28 17:00:00,915.0,870.6736666666668,851.6904,12.48,13.7472675595238,14.226522,51.12,48.41679783730158,43.78424
2025-11-28 18:00:00,1025.0,1035.998547619048,1035.2295,12.18,10.380606626984134,12.096069,32.73,30.269690813492076,35.425774
2025-11-28 19:00:00,864.0,875.4268154761902,870.2482,9.49,11.490239285714274,11.945313,37.91,37.882083095238066,39.549343
2025-11-28 20:00:00,553.0,520.6420317460316,512.5578,12.14,11.218224226190486,11.373075,35.4,38.100928300865796,38.846424
2025-11-28 21:00:00,296.0,324.9083055555556,318.49298,11.83,8.261766001668496,8.819782,23.63,22.231851448412705,23.519077
2025-11-28 22:00:00,187.0,196.86320039682542,212.02585,9.78,7.810535142230955,8.572363,17.99,19.951701331541265,19.77392
2025-11-28 23:00:00,95.0,131.22514880952383,135.60274,8.84,7.5749154756202755,8.263027,20.68,17.39560975671551,19.780437
2025-11-29 00:00:00,155.0,141.07165079365075,145.60565,8.89,7.768212056105446,7.814296,22.14,18.615501898958538,19.840979
2025-11-29 01:00:00,83.0,146.79729437229437,132.66196,7.61,7.729649343207919,7.977919,22.3,16.632680853174598,14.215257
2025-11-29 02:00:00,106.0,136.71121428571433,132.24442,9.77,10.870807455357138,11.048916,35.33,35.89255607142855,45.345898
2025-11-29 03:00:00,188.0,134.37440873015873,130.39944,5.96,8.298644654935458,8.775706,19.52,19.06611191765081,19.145966
2025-11-29 04:00:00,128.0,161.43809920634916,165.45369,9.87,9.350872410714285,11.206592,32.09,26.470970297619047,29.466434
2025-11-29 05:00:00,209.0,201.9665952380953,229.4197,7.42,8.59128903828198,8.961658,23.89,22.91442367063493,24.904385
2025-11-29 06:00:00,369.0,382.98854166666683,370.80942,15.21,13.202505833333339,13.088869,60.51,47.091114761904784,54.612415
2025-11-29 07:00:00,715.0,630.159117063492,637.6818,15.25,13.306041004689751,15.494921,49.77,46.06121636904761,46.261543
2025-11-29 08:00:00,743.0,762.5256845238092,831.43146,9.4,8.023758273809523,12.047511,21.77,22.124231726190473,36.04307
2025-11-29 09:00:00,654.0,711.3406845238096,709.28827,6.84,8.0318965079365,10.66197,21.98,20.11863940476189,33.30657
2025-11-29 10:00:00,466.0,404.95178571428573,443.47836,7.99,7.6476306547619,7.8883376,17.73,16.798977499999992,18.772488
2025-11-29 11:00:00,281.0,305.2436944444444,309.6131,7.91,7.757688157361793,7.8240037,18.34,19.129711926870925,19.40941
2025-11-29 12:00:00,222.0,257.211119047619,262.53354,8.82,8.971850416666665,8.822261,18.9,25.032645952380946,23.015118
2025-11-29 13:00:00,266.0,250.90422222222227,238.12778,8.83,8.781424315674093,8.552846,17.83,22.790550485346444,21.457254
2025-11-29 14:00:00,173.0,260.73854365079364,253.28954,10.93,11.238966190476187,10.7185755,37.29,39.005238344155835,35.4435
2025-11-29 15:00:00,282.0,304.70256746031765,315.5855,5.21,7.534816264610205,7.931032,18.83,19.078342460748797,19.254463
2025-11-29 16:00:00,430.0,434.29126298701266,434.98315,14.33,10.221327896825398,9.485657,26.2,29.211677380952352,31.823458
2025-11-29 17:00:00,721.0,674.1788988095238,678.2954,9.97,10.635313174603175,12.620325,21.28,27.785291706349188,26.873245
2025-11-29 18:00:00,830.0,814.0277400793648,823.74915,14.35,15.556322619047618,15.313452,55.91,58.269767023809536,62.051025
2025-11-29 19:00:00,689.0,653.4820059523807,675.36957,17.45,15.784705992063499,19.14981,73.32,71.67714363095239,68.654335
2025-11-29 20:00:00,474.0,451.5949345238096,455.39716,13.28,12.516139404761903,13.801113,35.53,36.53810632575756,45.01994
2025-11-29 21:00:00,200.0,280.53781746031746,304.1338,10.59,10.095999134892885,10.915922,32.23,31.890919702380952,28.84524
2025-11-29 22:00:00,115.0,155.74147619047622,161.02422,7.78,8.850825558573085,9.9791,25.42,20.98776517857143,21.546272
2025-11-29 23:00:00,126.0,131.55685912698414,140.45918,9.42,9.873984899749377,10.202973,32.62,29.232030833333344,29.059122
